{"cameraMode":{"drawMode":0,"name":"Shaded","section":"Shading Mode"},"sceneLighting":true,"audioPlay":false,"sceneViewState":{"showFog":true,"showMaterialUpdate":false,"showSkybox":true,"showFlares":true,"showImageEffects":true,"showParticleSystems":true},"in2DMode":false,"pivot":{"x":2.123218536376953,"y":0.4730243682861328,"z":-1.6326205730438233},"rotation":{"x":-0.12195085734128952,"y":0.8743783235549927,"z":-0.37207740545272829,"w":-0.28670409321784975},"size":9.39481258392334,"orthographic":false}