{"cameraMode":{"drawMode":0,"name":"Shaded","section":"Shading Mode"},"sceneLighting":true,"audioPlay":false,"sceneViewState":{"showFog":true,"showMaterialUpdate":false,"showSkybox":true,"showFlares":true,"showImageEffects":true,"showParticleSystems":true},"in2DMode":false,"pivot":{"x":0.06739869713783264,"y":-0.5513195395469666,"z":3.0886669158935549},"rotation":{"x":0.3041345179080963,"y":0.6176739931106567,"z":-0.28096330165863039,"w":0.668616533279419},"size":16.53382682800293,"orthographic":false}